timestamp,ThinFlim_high,ThinFlim_low,ThinFlim_mean,Mono PERC_high,Mono PERC_low,Mono PERC_mean,Mono PERC (China)_high,Mono PERC (China)_low,Mono PERC (China)_mean,Mono_high,Mono_low,Mono_mean,Poly High Efficiency_high,Poly High Efficiency_low,Poly High Efficiency_mean,Poly (China)_high,Poly (China)_low,Poly (China)_mean,Poly_high,Poly_low,Poly_mean
2009-06-25 11:06:59,1.2,1.0,1.04,,,,,,,,,,,,,,,,2.2,1.75,1.89
2009-08-17 12:30:20,1.35,1.2,1.25,,,,,,,,,,,,,,,,2.25,1.9,2.01
2009-08-18 18:04:59,1.35,1.2,1.25,,,,,,,,,,,,,,,,2.25,1.9,2.01
2009-09-26 04:59:46,1.5,1.2,1.29,,,,,,,,,,,,,,,,2.2,1.9,1.96
2010-03-05 18:59:36,1.6,1.4,1.47,,,,,,,,,,,,,,,,2.05,1.75,1.83
2010-04-01 22:41:16,1.55,1.25,1.33,,,,,,,,,,,,,,,,2.0,1.7,1.77
2010-05-03 12:22:49,1.55,1.25,1.34,,,,,,,,,,,,,,,,2.0,1.7,1.78
2010-06-04 02:54:20,1.55,1.25,1.32,,,,,,,,,,,,,,,,1.95,1.65,1.74
2010-06-18 22:23:51,1.55,1.25,1.31,,,,,,,,,,,,,,,,1.95,1.65,1.73
2010-07-04 08:22:40,1.55,1.25,1.31,,,,,,,,,,,,,,,,1.95,1.65,1.73
2010-07-30 01:17:58,1.5,1.25,1.3,,,,,,,,,,,,,,,,1.9,1.65,1.7
2010-08-04 05:45:12,1.5,1.25,1.3,,,,,,,,,,,,,,,,1.9,1.65,1.7
2010-08-30 04:41:38,1.5,1.25,1.31,,,,,,,,,,,,,,,,1.9,1.64,1.7
2010-09-06 03:19:36,1.5,1.25,1.31,,,,,,,,,,,,,,,,1.9,1.65,1.7
2010-10-02 18:44:13,1.5,1.25,1.31,,,,,,,,,,,,,,,,1.85,1.65,1.69
2010-10-08 02:17:43,1.5,1.25,1.308,,,,,,,,,,,,,,,,1.84,1.65,1.688
2010-11-12 15:27:54,1.55,1.3,1.37,,,,,,,,,,,,,,,,1.95,1.7,1.77
2010-11-14 22:03:24,1.55,1.3,1.37,,,,,,,,,,,,,,,,1.95,1.7,1.77
2010-12-03 10:54:46,1.5,1.3,1.36,,,,,,,,,,,,,,,,1.9,1.7,1.74
2010-12-07 02:56:18,1.5,1.3,1.36,,,,,,,,,,,,,,,,1.9,1.7,1.74
2010-12-21 08:19:50,1.5,1.3,1.34,,,,,,,,,,,,,,,,1.85,1.6,1.68
2011-01-08 08:26:24,1.5,1.2,1.3,,,,,,,,,,,,,,,,1.8,1.5,1.59
2011-01-14 01:42:13,1.45,1.2,1.29,,,,,,,,,,,,,,,,1.75,1.5,1.57
2011-02-01 03:47:29,1.45,1.2,1.28,,,,,,,,,,,,,,,,1.75,1.5,1.555
2011-02-01 13:37:04,1.45,1.2,1.28,,,,,,,,,,,,,,,,1.75,1.5,1.555
2011-02-09 00:22:44,1.45,1.2,1.28,,,,,,,,,,,,,,,,1.75,1.55,1.6
2011-02-24 07:39:44,1.45,1.25,1.3,,,,,,,,,,,,,,,,1.75,1.55,1.602
2011-02-25 07:03:13,1.45,1.25,1.3,,,,,,,,,,,,,,,,1.75,1.55,1.602
2011-02-26 07:50:02,1.45,1.25,1.3,,,,,,,,,,,,,,,,1.75,1.55,1.602
2011-03-16 03:42:38,1.45,1.25,1.31,,,,,,,,,,,,,,,,1.75,1.55,1.61
2011-03-16 22:39:14,1.45,1.25,1.31,,,,,,,,,,,,,,,,1.75,1.55,1.6
2011-04-03 23:46:24,1.45,1.1,1.26,,,,,,,,,,,,,,,,1.75,1.5,1.56
2011-04-05 13:43:26,1.45,1.1,1.26,,,,,,,,,,,,,,,,1.75,1.5,1.56
2011-04-11 12:39:05,1.45,1.05,1.22,,,,,,,,,,,,,,,,1.7,1.5,1.54
2011-04-17 00:34:09,1.45,1.05,1.21,,,,,,,,,,,,,,,,1.7,1.45,1.535
2011-04-24 01:00:13,1.4,1.0,1.16,,,,,,,,,,,,,,,,1.7,1.4,1.51
2011-04-24 01:41:40,1.4,1.0,1.16,,,,,,,,,,,,,,,,1.7,1.4,1.51
2011-05-01 03:05:37,1.4,0.95,1.13,,,,,,,,,,,,,,,,1.7,1.35,1.5
2011-05-04 10:58:53,1.3,0.95,1.08,,,,,,,,,,,,,,,,1.65,1.3,1.45
2011-05-05 19:09:46,1.3,0.95,1.08,,,,,,,,,,,,,,,,1.65,1.3,1.45
2011-05-11 04:37:19,1.3,0.95,1.08,,,,,,,,,,,,,,,,1.65,1.3,1.45
2011-05-13 15:04:01,1.25,0.95,1.06,,,,,,,,,,,,,,,,1.6,1.3,1.42
2011-05-14 10:58:25,1.25,0.95,1.06,,,,,,,,,,,,,,,,1.6,1.3,1.42
2011-05-18 00:42:34,1.25,0.95,1.06,,,,,,,,,,,,,,,,1.6,1.3,1.42
2011-05-24 21:50:54,1.2,0.95,1.03,,,,,,,,,,,,,,,,1.55,1.3,1.38
2011-05-24 21:55:23,1.2,0.95,1.03,,,,,,,,,,,,,,,,1.55,1.3,1.38
2011-05-30 19:18:48,1.2,0.9,1.0,,,,,,,,,,,,,,,,1.55,1.25,1.33
2011-06-01 12:45:44,1.2,0.9,0.99,,,,,,,,,,,,,,,,1.5,1.25,1.31
2011-06-04 13:52:13,1.2,0.9,0.99,,,,,,,,,,,,,,,,1.5,1.25,1.31
2011-06-12 14:55:01,1.2,0.9,0.98,,,,,,,,,,,,,,,,1.5,1.25,1.3
2011-06-12 15:46:43,1.2,0.9,0.98,,,,,,,,,,,,,,,,1.5,1.25,1.3
2011-06-17 02:20:52,1.2,0.9,0.97,,,,,,,,,,,,,,,,1.5,1.2,1.29
2011-06-22 20:50:37,1.2,0.9,0.96,,,,,,,,,,,,,,,,1.5,1.2,1.27
2011-06-23 12:33:47,1.2,0.9,0.96,,,,,,,,,,,,,,,,1.5,1.2,1.27
2011-06-27 22:13:01,1.2,0.9,0.96,,,,,,,,,,,,,,,,1.5,1.2,1.27
2011-07-02 06:06:45,1.2,0.9,0.96,,,,,,,,,,,,,,,,1.5,1.2,1.25
2011-07-02 19:41:23,1.2,0.9,0.96,,,,,,,,,,,,,,,,1.5,1.2,1.25
2011-07-03 22:44:11,1.2,0.9,0.96,,,,,,,,,,,,,,,,1.5,1.2,1.25
2011-07-03 22:44:23,1.2,0.9,0.96,,,,,,,,,,,,,,,,1.5,1.2,1.25
2011-07-10 15:27:18,1.2,0.9,0.955,,,,,,,,,,,,,,,,1.5,1.2,1.245
2011-07-12 06:10:09,1.2,0.9,0.955,,,,,,,,,,,,,,,,1.5,1.2,1.245
2011-07-12 20:47:52,1.2,0.9,0.955,,,,,,,,,,,,,,,,1.5,1.2,1.245
2011-07-18 23:46:58,1.2,0.9,0.95,,,,,,,,,,,,,,,,1.5,1.2,1.24
2011-07-20 16:16:42,1.2,0.9,0.94,,,,,,,,,,,,,,,,1.5,1.15,1.23
2011-07-21 23:12:59,1.2,0.9,0.94,,,,,,,,,,,,,,,,1.5,1.15,1.23
2011-07-28 17:36:32,1.2,0.9,0.935,,,,,,,,,,,,,,,,1.5,1.15,1.225
2011-07-31 02:28:33,1.2,0.9,0.935,,,,,,,,,,,,,,,,1.5,1.15,1.225
2011-08-02 08:08:24,1.2,0.9,0.935,,,,,,,,,,,,,,,,1.5,1.15,1.225
2011-08-07 16:22:31,1.2,0.9,0.93,,,,,,,,,,,,,,,,1.5,1.15,1.21
2011-08-09 04:46:05,1.2,0.9,0.93,,,,,,,,,,,,,,,,1.5,1.15,1.21
2011-08-14 05:55:56,1.2,0.9,0.93,,,,,,,,,,,,,,,,1.5,1.15,1.205
2011-08-18 09:20:52,1.2,0.85,0.925,,,,,,,,,,,,,,,,1.5,1.1,1.185
2011-08-19 23:49:44,1.2,0.85,0.925,,,,,,,,,,,,,,,,1.5,1.1,1.185
2011-08-25 10:08:49,1.2,0.85,0.92,,,,,,,,,,,,,,,,1.5,1.1,1.18
2011-08-25 17:05:04,1.2,0.85,0.92,,,,,,,,,,,,,,,,1.5,1.1,1.18
2011-08-29 23:53:21,1.2,0.85,0.92,,,,,,,,,,,,,,,,1.5,1.1,1.18
2011-08-31 02:26:51,1.2,0.85,0.92,,,,,,,,,,,,,,,,1.5,1.1,1.18
2011-08-31 17:05:00,1.2,0.85,0.919,,,,,,,,,,,,,,,,1.5,1.1,1.178
2011-09-02 00:38:58,1.2,0.85,0.919,,,,,,,,,,,,,,,,1.5,1.1,1.178
2011-09-23 13:16:35,1.2,0.8,0.9,,,,,,,,,,,,,,,,1.5,1.05,1.145
2011-09-23 13:16:55,1.2,0.8,0.9,,,,,,,,,,,,,,,,1.5,1.05,1.145
2011-09-26 14:41:25,1.2,0.8,0.9,,,,,,,,,,,,,,,,1.5,1.05,1.145
2011-09-29 06:18:30,1.2,0.8,0.895,,,,,,,,,,,,,,,,1.5,1.0,1.135
2011-09-29 22:08:04,1.2,0.8,0.895,,,,,,,,,,,,,,,,1.5,1.0,1.135
2011-10-02 23:24:34,1.2,0.8,0.895,,,,,,,,,,,,,,,,1.5,1.0,1.135
2011-10-04 03:55:24,1.2,0.8,0.895,,,,,,,,,,,,,,,,1.5,1.0,1.135
2011-10-05 23:11:16,1.15,0.8,0.88,,,,,,,,,,,,,,,,1.5,0.96,1.12
2011-10-07 05:27:00,1.15,0.8,0.88,,,,,,,,,,,,,,,,1.5,0.96,1.12
2011-10-08 08:55:44,1.15,0.8,0.88,,,,,,,,,,,,,,,,1.5,0.96,1.12
2011-10-09 00:32:24,1.15,0.8,0.88,,,,,,,,,,,,,,,,1.5,0.96,1.12
2011-10-11 23:32:40,1.15,0.8,0.88,,,,,,,,,,,,,,,,1.5,0.96,1.12
2011-10-12 07:19:47,1.15,0.8,0.88,,,,,,,,,,,,,,,,1.5,0.96,1.12
2011-10-12 21:04:02,1.15,0.8,0.879,,,,,,,,,,,,,,,,1.5,0.96,1.118
2011-10-15 01:47:58,1.15,0.8,0.879,,,,,,,,,,,,,,,,1.5,0.96,1.118
2011-10-17 07:47:42,1.15,0.8,0.879,,,,,,,,,,,,,,,,1.5,0.96,1.118
2011-10-18 04:31:51,1.15,0.8,0.879,,,,,,,,,,,,,,,,1.5,0.96,1.118
2011-10-21 05:09:13,1.15,0.75,0.86,,,,,,,,,,,,,,,,1.5,0.9,1.09
2011-10-22 04:17:34,1.15,0.75,0.86,,,,,,,,,,,,,,,,1.5,0.9,1.09
2011-10-24 05:59:53,1.15,0.75,0.86,,,,,,,,,,,,,,,,1.5,0.9,1.09
2011-10-26 22:24:10,1.15,0.75,0.855,,,,,,,,,,,,,,,,1.5,0.88,1.08
2011-10-28 02:00:58,1.15,0.75,0.855,,,,,,,,,,,,,,,,1.5,0.88,1.08
2011-10-31 02:18:53,1.15,0.75,0.855,,,,,,,,,,,,,,,,1.5,0.88,1.08
2011-10-31 20:14:14,1.15,0.75,0.855,,,,,,,,,,,,,,,,1.5,0.88,1.08
2011-11-03 03:15:10,1.15,0.7,0.825,,,,,,,,,,,,,,,,1.5,0.85,1.065
2011-11-05 10:36:18,1.15,0.7,0.825,,,,,,,,,,,,,,,,1.5,0.85,1.065
2011-11-06 06:06:46,1.15,0.7,0.825,,,,,,,,,,,,,,,,1.5,0.85,1.065
2011-11-09 10:58:01,1.15,0.7,0.825,,,,,,,,,,,,,,,,1.45,0.85,1.06
2011-11-10 13:41:55,1.15,0.7,0.825,,,,,,,,,,,,,,,,1.45,0.85,1.06
2011-11-13 04:52:59,1.15,0.7,0.825,,,,,,,,,,,,,,,,1.45,0.85,1.06
2011-11-15 15:25:30,1.15,0.7,0.825,,,,,,,,,,,,,,,,1.45,0.85,1.06
2011-11-16 12:42:28,1.15,0.65,0.8,,,,,,,,,,,,,,,,1.45,0.8,1.035
2011-11-20 02:55:29,1.15,0.65,0.8,,,,,,,,,,,,,,,,1.45,0.8,1.035
2011-11-20 21:27:42,1.15,0.65,0.8,,,,,,,,,,,,,,,,1.45,0.8,1.035
2011-11-23 14:24:03,1.15,0.65,0.79,,,,,,,,,,,,,,,,1.45,0.75,1.0
2011-11-26 08:19:33,1.15,0.65,0.79,,,,,,,,,,,,,,,,1.45,0.75,1.0
2011-11-27 08:18:28,1.15,0.65,0.79,,,,,,,,,,,,,,,,1.45,0.75,1.0
2011-12-01 07:17:21,1.15,0.65,0.78,,,,,,,,,,,,,,,,1.45,0.75,0.98
2011-12-01 14:35:03,1.15,0.65,0.78,,,,,,,,,,,,,,,,1.45,0.75,0.98
2011-12-05 03:09:19,1.15,0.65,0.78,,,,,,,,,,,,,,,,1.45,0.75,0.98
2011-12-07 01:49:54,1.15,0.65,0.78,,,,,,,,,,,,,,,,1.45,0.75,0.98
2011-12-08 16:41:02,1.15,0.65,0.78,,,,,,,,,,,,,,,,1.45,0.75,0.978
2011-12-13 11:11:04,1.15,0.65,0.78,,,,,,,,,,,,,,,,1.45,0.75,0.978
2011-12-13 11:20:57,1.15,0.65,0.78,,,,,,,,,,,,,,,,1.45,0.75,0.978
2011-12-17 08:42:06,1.15,0.65,0.778,,,,,,,,,,,,,,,,1.4,0.75,0.962
2011-12-19 10:29:43,1.15,0.65,0.778,,,,,,,,,,,,,,,,1.4,0.75,0.962
2011-12-20 23:53:34,1.15,0.65,0.778,,,,,,,,,,,,,,,,1.4,0.75,0.962
2011-12-25 00:35:04,1.15,0.65,0.777,,,,,,,,,,,,,,,,1.4,0.75,0.96
2011-12-25 11:24:49,1.15,0.65,0.777,,,,,,,,,,,,,,,,1.4,0.75,0.96
2011-12-29 10:07:00,1.15,0.65,0.776,,,,,,,,,,,,,,,,1.4,0.75,0.955
2012-01-01 09:27:25,1.15,0.65,0.776,,,,,,,,,,,,,,,,1.4,0.75,0.955
2012-01-02 21:12:17,1.15,0.65,0.776,,,,,,,,,,,,,,,,1.4,0.75,0.955
2012-01-03 09:29:45,1.15,0.65,0.776,,,,,,,,,,,,,,,,1.4,0.75,0.955
2012-01-12 01:24:42,1.15,0.65,0.774,,,,,,,,,,,,,,,,1.4,0.75,0.946
2012-01-12 07:55:07,1.15,0.65,0.774,,,,,,,,,,,,,,,,1.4,0.75,0.946
2012-01-15 11:31:00,1.15,0.65,0.774,,,,,,,,,,,,,,,,1.4,0.75,0.946
2012-01-15 19:10:05,1.15,0.65,0.774,,,,,,,,,,,,,,,,1.4,0.75,0.946
2012-01-19 05:26:00,1.15,0.65,0.772,,,,,,,,,,,,,,,,1.4,0.75,0.942
2012-01-20 03:45:40,1.15,0.65,0.772,,,,,,,,,,,,,,,,1.4,0.75,0.942
2012-01-22 15:50:50,1.15,0.65,0.772,,,,,,,,,,,,,,,,1.4,0.75,0.942
2012-01-25 00:47:59,1.15,0.65,0.772,,,,,,,,,,,,,,,,1.4,0.75,0.942
2012-01-26 02:26:31,1.15,0.65,0.772,,,,,,,,,,,,,,,,1.4,0.75,0.94
2012-01-30 07:29:06,1.15,0.65,0.772,,,,,,,,,,,,,,,,1.4,0.75,0.94
2012-01-30 22:15:05,1.15,0.65,0.772,,,,,,,,,,,,,,,,1.4,0.75,0.94
2012-01-30 22:22:53,1.15,0.65,0.772,,,,,,,,,,,,,,,,1.4,0.75,0.94
2012-02-03 20:31:57,1.15,0.65,0.772,,,,,,,,,,,,,,,,1.4,0.75,0.94
2012-02-05 08:20:00,1.15,0.65,0.772,,,,,,,,,,,,,,,,1.4,0.75,0.94
2012-02-07 16:00:18,1.15,0.65,0.772,,,,,,,,,,,,,,,,1.4,0.75,0.94
2012-02-27 01:09:58,1.15,0.65,0.771,,,,,,,,,,,,,,,,1.4,0.75,0.938
2012-02-27 21:06:59,1.15,0.65,0.771,,,,,,,,,,,,,,,,1.4,0.75,0.938
2012-03-07 08:26:39,1.15,0.65,0.77,,,,,,,,,,,,,,,,1.4,0.75,0.936
2012-03-10 19:02:10,1.15,0.65,0.768,,,,,,,,,,,,,,,,1.4,0.75,0.928
2012-03-12 19:23:47,1.15,0.65,0.768,,,,,,,,,,,,,,,,1.4,0.75,0.928
2012-03-16 11:28:00,1.15,0.65,0.762,,,,,,,,,,,,,,,,1.4,0.7,0.909
2012-03-16 11:28:29,1.15,0.65,0.762,,,,,,,,,,,,,,,,1.4,0.7,0.909
2012-03-24 11:27:38,1.15,0.65,0.76,,,,,,,,,,,,,,,,1.4,0.7,0.903
2012-03-24 11:38:37,1.15,0.65,0.76,,,,,,,,,,,,,,,,1.4,0.7,0.903
2012-04-04 20:08:30,1.12,0.65,0.751,,,,,,,,,,,,,,,,1.35,0.7,0.885
2012-04-04 20:08:44,1.12,0.65,0.751,,,,,,,,,,,,,,,,1.35,0.7,0.885
2012-04-08 13:27:23,1.12,0.65,0.751,,,,,,,,,,,,,,,,1.35,0.7,0.885
2012-04-11 00:40:38,1.12,0.65,0.751,,,,,,,,,,,,,,,,1.35,0.7,0.885
2012-04-11 21:52:07,1.1,0.65,0.745,,,,,,,,,,,,,,,,1.3,0.7,0.87
2012-04-15 03:08:28,1.1,0.65,0.745,,,,,,,,,,,,,,,,1.3,0.7,0.87
2012-04-18 00:57:39,1.1,0.65,0.745,,,,,,,,,,,,,,,,1.3,0.7,0.87
2012-04-18 10:52:19,1.1,0.65,0.744,,,,,,,,,,,,,,,,1.3,0.7,0.862
2012-04-22 12:17:18,1.1,0.65,0.744,,,,,,,,,,,,,,,,1.3,0.7,0.862
2012-04-26 19:54:32,1.1,0.65,0.742,,,,,,,,,,,,,,,,1.3,0.7,0.86
2012-04-27 10:10:09,1.1,0.65,0.742,,,,,,,,,,,,,,,,1.3,0.7,0.86
2012-04-30 14:11:33,1.1,0.65,0.742,,,,,,,,,,,,,,,,1.3,0.7,0.86
2012-05-01 18:13:53,1.1,0.65,0.742,,,,,,,,,,,,,,,,1.3,0.7,0.86
2012-05-02 00:27:06,1.1,0.65,0.742,,,,,,,,,,,,,,,,1.3,0.7,0.86
2012-05-02 04:52:14,1.1,0.65,0.742,,,,,,,,,,,,,,,,1.3,0.7,0.86
2012-05-02 07:43:34,1.1,0.65,0.742,,,,,,,,,,,,,,,,1.3,0.7,0.86
2012-05-02 11:20:42,1.1,0.65,0.739,,,,,,,,,,,,,,,,1.3,0.7,0.856
2012-05-02 11:54:03,1.1,0.65,0.739,,,,,,,,,,,,,,,,1.3,0.7,0.856
2012-05-02 15:41:13,1.1,0.65,0.739,,,,,,,,,,,,,,,,1.3,0.7,0.856
2012-05-02 20:29:18,1.1,0.65,0.739,,,,,,,,,,,,,,,,1.3,0.7,0.856
2012-05-03 00:11:41,1.1,0.65,0.739,,,,,,,,,,,,,,,,1.3,0.7,0.856
2012-05-03 00:25:03,1.1,0.65,0.739,,,,,,,,,,,,,,,,1.3,0.7,0.856
2012-05-03 05:53:05,1.1,0.65,0.739,,,,,,,,,,,,,,,,1.3,0.7,0.856
2012-05-03 10:58:06,1.1,0.65,0.739,,,,,,,,,,,,,,,,1.3,0.7,0.856
2012-05-03 13:59:10,1.1,0.65,0.739,,,,,,,,,,,,,,,,1.3,0.7,0.856
2012-05-03 15:31:46,1.1,0.65,0.739,,,,,,,,,,,,,,,,1.3,0.7,0.856
2012-05-03 22:01:38,1.1,0.65,0.739,,,,,,,,,,,,,,,,1.3,0.7,0.856
2012-05-12 09:41:02,1.1,0.65,0.735,,,,,,,,,,,,,,,,1.28,0.68,0.842
2012-05-12 10:39:35,1.1,0.65,0.735,,,,,,,,,,,,,,,,1.28,0.68,0.842
2012-05-25 00:39:45,1.1,0.65,0.733,,,,,,,,,,,,,,,,1.26,0.68,0.837
2012-05-25 00:40:40,1.1,0.65,0.733,,,,,,,,,,,,,,,,1.26,0.68,0.837
2012-05-28 22:39:27,1.1,0.65,0.733,,,,,,,,,,,,,,,,1.26,0.68,0.837
2012-05-31 07:30:01,1.1,0.65,0.732,,,,,,,,,,,,,,,,1.26,0.68,0.835
2012-06-02 12:55:46,1.1,0.65,0.732,,,,,,,,,,,,,,,,1.26,0.68,0.835
2012-06-06 08:15:05,1.1,0.65,0.732,,,,,,,,,,,,,,,,1.26,0.68,0.835
2012-06-07 02:18:57,1.1,0.63,0.727,,,,,,,,,,,,,,,,1.26,0.66,0.828
2012-06-10 23:55:48,1.1,0.63,0.727,,,,,,,,,,,,,,,,1.26,0.66,0.828
2012-06-13 23:57:31,1.1,0.63,0.725,,,,,,,,,,,,,,,,1.25,0.66,0.825
2012-06-14 16:08:29,1.1,0.63,0.725,,,,,,,,,,,,,,,,1.25,0.66,0.825
2012-06-18 03:19:14,1.1,0.63,0.725,,,,,,,,,,,,,,,,1.25,0.66,0.825
2012-06-21 04:30:26,1.1,0.63,0.724,,,,,,,,,,,,,,,,1.25,0.65,0.82
2012-06-21 16:01:34,1.1,0.63,0.724,,,,,,,,,,,,,,,,1.25,0.65,0.82
2012-06-25 09:25:19,1.1,0.63,0.724,,,,,,,,,,,,,,,,1.25,0.65,0.82
2012-06-25 18:48:45,1.1,0.63,0.724,,,,,,,,,,,,,,,,1.25,0.65,0.82
2012-07-02 16:47:37,1.1,0.63,0.719,,,,,,,,,,,,,,,,1.25,0.65,0.812
2012-07-06 04:33:27,1.1,0.6,0.7,,,,,,,,,,,,,,,,1.2,0.63,0.783
2012-07-10 06:39:19,1.1,0.6,0.7,,,,,,,,,,,,,,,,1.2,0.63,0.783
2012-07-11 05:50:52,1.1,0.6,0.7,,,,,,,,,,,,,,,,1.2,0.63,0.783
2012-07-16 04:17:59,1.1,0.6,0.696,,,,,,,,,,,,,,,,1.2,0.61,0.765
2012-07-18 08:01:42,1.1,0.6,0.696,,,,,,,,,,,,,,,,1.2,0.61,0.765
2012-07-24 12:52:16,1.1,0.6,0.692,,,,,,,,,,,,,,,,1.2,0.61,0.759
2012-07-24 12:56:02,1.1,0.6,0.692,,,,,,,,,,,,,,,,1.2,0.61,0.759
2012-09-04 08:57:58,1.02,0.59,0.671,,,,,,,,,,,,,,,,1.1,0.6,0.726
2012-09-11 10:38:17,1.02,0.59,0.669,,,,,,,,,,,,,,,,1.1,0.6,0.723
2012-09-13 03:07:26,1.02,0.59,0.668,,,,,,,,,,,,,,,,1.1,0.6,0.721
2012-10-25 03:23:39,0.99,0.55,0.635,,,,,,,,,,,,,,,,1.05,0.55,0.672
2012-10-30 13:17:56,0.99,0.55,0.635,,,,,,,,,,,,,,,,1.05,0.55,0.672
2012-12-07 01:39:37,0.96,0.52,0.617,,,,,,,,,,,,,,,,1.0,0.54,0.659
2012-12-11 09:49:18,0.96,0.52,0.617,,,,,,,,,,,,,,,,1.0,0.54,0.659
2012-12-18 09:56:31,0.96,0.52,0.616,,,,,,,,,,,,,,,,1.0,0.54,0.657
2012-12-25 10:17:06,0.96,0.52,0.614,,,,,,,,,,,,,,,,1.0,0.54,0.655
2013-01-07 11:38:23,0.96,0.52,0.614,,,,,,,,,,,,,,,,1.0,0.54,0.654
2013-01-09 11:00:19,0.96,0.52,0.614,,,,,,,,,,,,,,,,1.0,0.54,0.654
2013-01-15 05:06:53,0.96,0.52,0.614,,,,,,,,,,,,,,,,1.0,0.54,0.654
2013-01-15 12:05:49,0.96,0.52,0.614,,,,,,,,,,,,,,,,1.0,0.54,0.654
2013-01-15 17:25:48,0.96,0.52,0.614,,,,,,,,,,,,,,,,1.0,0.54,0.654
2013-01-17 07:09:06,0.96,0.52,0.614,,,,,,,,,,,,,,,,1.0,0.54,0.654
2013-03-02 05:28:51,0.94,0.52,0.618,,,,,,,,,,,,,,,,0.99,0.55,0.663
2013-03-02 07:53:27,0.94,0.52,0.618,,,,,,,,,,,,,,,,0.99,0.55,0.663
2013-04-02 06:16:16,0.94,0.52,0.622,,,,,,,,,,,,,,,,0.99,0.55,0.672
2013-04-20 06:18:30,0.94,0.52,0.623,,,,,,,,,,,,,,,,0.99,0.55,0.675
2013-04-24 04:54:15,0.94,0.52,0.623,,,,,,,,,,,,,,,,0.99,0.55,0.675
2013-04-30 02:46:33,0.94,0.52,0.624,,,,,,,,,,,,,,,,0.99,0.55,0.678
2013-05-01 22:26:16,0.94,0.52,0.626,,,,,,,,,,,,,,,,0.99,0.56,0.686
2013-05-09 11:45:57,0.94,0.53,0.637,,,,,,,,,,,,,,,,0.99,0.58,0.701
2013-05-31 18:26:27,0.94,0.53,0.645,,,,,,,,,,,,,,,,0.99,0.6,0.728
2013-06-02 01:18:25,0.94,0.53,0.645,,,,,,,,,,,,,,,,0.99,0.6,0.728
2013-06-15 03:08:20,0.94,0.54,0.646,,,,,,,,,,,,,,,,0.99,0.6,0.73
2013-06-20 11:00:05,0.94,0.54,0.647,,,,,,,,,,,,,,,,0.99,0.6,0.733
2013-06-20 11:00:27,0.94,0.54,0.647,,,,,,,,,,,,,,,,0.99,0.6,0.733
2013-06-23 09:57:08,0.94,0.54,0.647,,,,,,,,,,,,,,,,0.99,0.6,0.733
2013-07-08 00:16:58,0.94,0.52,0.636,,,,,,,,,,,,,,,,0.99,0.58,0.723
2013-07-08 00:18:39,0.94,0.52,0.636,,,,,,,,,,,,,,,,0.99,0.58,0.723
2013-07-08 14:39:33,0.94,0.52,0.636,,,,,,,,,,,,,,,,0.99,0.58,0.723
2013-07-08 16:47:12,0.94,0.52,0.636,,,,,,,,,,,,,,,,0.99,0.58,0.723
2013-07-15 00:19:58,0.94,0.5,0.63,,,,,,,,,,,,,,,,0.99,0.56,0.717
2013-07-22 12:49:07,0.94,0.49,0.623,,,,,,,,,,,,,,,,0.99,0.55,0.708
2013-07-30 01:33:47,0.94,0.49,0.617,,,,,,,,,,,,,,,,0.99,0.55,0.702
2013-08-05 06:39:53,0.94,0.49,0.613,,,,,,,,,,,,,,,,0.99,0.55,0.697
2013-08-05 21:01:01,0.94,0.49,0.613,,,,,,,,,,,,,,,,0.99,0.55,0.697
2013-08-09 07:40:43,0.94,0.49,0.611,,,,,,,,,,,,,,,,0.99,0.55,0.697
2013-08-14 02:15:20,0.94,0.49,0.611,,,,,,,,,,,,,,,,0.99,0.55,0.697
2013-08-19 13:09:07,0.94,0.49,0.61,,,,,,,,,,,,,,,,0.99,0.55,0.703
2013-08-20 03:15:04,0.94,0.49,0.61,,,,,,,,,,,,,,,,0.99,0.55,0.703
2013-08-22 12:16:15,0.94,0.49,0.609,,,,,,,,,,,,,,,,0.99,0.55,0.708
2013-08-24 21:46:00,0.94,0.49,0.609,,,,,,,,,,,,,,,,0.99,0.55,0.708
2013-09-06 01:14:42,0.94,0.49,0.606,,,,,,,,,,,,,,,,0.99,0.55,0.709
2013-09-06 03:39:25,0.94,0.49,0.606,,,,,,,,,,,,,,,,0.99,0.55,0.709
2013-09-17 10:41:39,0.94,0.49,0.604,,,,,,,,,,,,,,,,0.99,0.55,0.705
2013-09-22 23:46:57,0.94,0.49,0.603,,,,,,,,,,,,,,,,0.99,0.55,0.703
2013-09-24 21:50:06,0.94,0.49,0.603,,,,,,,,,,,,,,,,0.99,0.55,0.703
2013-09-30 04:27:13,0.94,0.49,0.602,,,,,,,,,,,,,,,,0.99,0.55,0.7
2013-10-26 09:14:50,0.94,0.49,0.602,,,,,,,,,,,,,,,,0.99,0.55,0.701
2013-10-27 15:21:03,0.94,0.49,0.602,,,,,,,,,,,,,,,,0.99,0.55,0.701
2013-10-30 19:02:08,0.94,0.49,0.602,,,,,,,,,,,,,,,,0.99,0.57,0.71
2013-11-01 21:16:43,0.94,0.49,0.602,,,,,,,,,,,,,,,,0.99,0.57,0.71
2013-11-04 21:34:57,0.94,0.49,0.602,,,,,,,,,,,,,,,,0.99,0.57,0.71
2013-12-05 00:41:33,0.94,0.49,0.598,,,,,,,,,,,,,,,,0.99,0.56,0.697
2013-12-15 18:57:47,0.94,0.49,0.597,,,,,,,,,,,,,,,,0.99,0.56,0.696
2014-01-05 09:03:12,0.94,0.49,0.597,,,,,,,,,,,,,,,,0.99,0.56,0.696
2014-02-08 01:50:15,0.94,0.49,0.594,,,,,,,,,,,,,,,,0.99,0.56,0.686
2014-02-09 19:32:24,0.94,0.49,0.594,,,,,,,,,,,,,,,,0.99,0.56,0.686
2014-02-11 21:26:21,0.94,0.49,0.594,,,,,,,,,,,,,,,,0.99,0.56,0.686
2014-02-23 21:29:24,0.93,0.49,0.593,,,,,,,,,,,,,,,,0.99,0.55,0.68
2014-02-26 09:08:42,0.93,0.49,0.593,,,,,,,,,,,,,,,,0.99,0.55,0.68
2014-02-26 09:26:41,0.91,0.49,0.59,,,,,,,,,,,,,,,,0.96,0.55,0.675
2014-06-25 04:00:11,0.87,0.49,0.594,,,,,,,,,,,,,,,,0.94,0.52,0.643
2014-06-25 13:15:49,0.87,0.49,0.602,,,,,,,,,,,,,,,,0.94,0.52,0.638
2014-07-05 09:32:46,0.87,0.49,0.612,,,,,,,,,,,,,,,,0.94,0.51,0.632
2014-07-06 10:54:50,0.87,0.49,0.612,,,,,,,,,,,,,,,,0.94,0.51,0.632
2014-07-15 01:00:42,0.87,0.49,0.624,,,,,,,,,,,,,,,,0.94,0.5,0.628
2014-07-18 09:50:02,0.87,0.49,0.633,,,,,,,,,,,,,,,,0.94,0.5,0.625
2014-08-25 13:14:19,0.87,0.49,0.652,,,,,,,,,,,,,,,,0.94,0.5,0.615
2014-09-01 08:20:10,0.87,0.49,0.651,,,,,,,,,,,,,,,,0.94,0.5,0.614
2014-09-09 03:16:46,0.87,0.49,0.65,,,,,,,,,,,,,,,,0.94,0.5,0.613
2014-09-18 00:51:09,0.87,0.49,0.648,,,,,,,,,,,,,,,,0.94,0.5,0.61
2014-09-23 05:31:27,0.87,0.49,0.648,,,,,,,,,,,,,,,,0.94,0.5,0.61
2014-09-23 05:32:20,0.87,0.49,0.648,,,,,,,,,,,,,,,,0.94,0.5,0.61
2014-10-03 00:20:40,0.84,0.5,0.645,,,,,,,,,,,,,,,,0.88,0.51,0.608
2014-10-06 14:20:51,0.84,0.5,0.645,,,,,,,,,,,,,,,,0.88,0.51,0.608
2014-10-08 15:44:29,0.84,0.5,0.644,,,,,,,,,,,,,,,,0.88,0.52,0.612
2014-10-14 11:44:34,0.84,0.5,0.644,,,,,,,,,,,,,,,,0.88,0.52,0.612
2014-10-24 10:37:14,0.84,0.5,0.642,,,,,,,,,,,,,,,,0.88,0.54,0.621
2014-10-28 03:52:28,0.84,0.5,0.642,,,,,,,,,,,,,,,,0.88,0.54,0.621
2014-11-16 15:49:59,0.84,0.5,0.641,,,,,,,,,,,,,,,,0.88,0.54,0.621
2014-11-18 12:28:55,0.84,0.5,0.641,,,,,,,,,,,,,,,,0.88,0.54,0.621
2014-11-30 15:39:25,0.84,0.5,0.641,,,,,,,,,,,,,,,,0.88,0.54,0.621
2014-11-30 15:50:42,0.84,0.5,0.641,,,,,,,,,,,,,,,,0.88,0.54,0.621
2014-12-18 06:17:36,0.84,0.5,0.638,,,,,,,,,,,,,,,,0.88,0.54,0.619
2014-12-19 04:51:27,0.84,0.5,0.638,,,,,,,,,,,,,,,,0.88,0.54,0.619
2014-12-30 06:43:30,0.84,0.5,0.638,,,,,,,,,,,,,,,,0.88,0.54,0.618
2015-01-06 00:52:44,0.84,0.5,0.638,,,,,,,,,,,,,,,,0.88,0.54,0.618
2015-01-10 21:01:56,0.84,0.5,0.637,,,,,,,,,,,,,,,,0.88,0.54,0.617
2015-01-24 05:44:05,0.84,0.5,0.636,,,,,,,,,,,,,,,,0.88,0.51,0.612
2015-01-24 06:10:54,0.84,0.5,0.636,,,,,,,,,,,,,,,,0.88,0.51,0.612
2015-02-08 07:38:53,0.83,0.5,0.634,,,,,,,,,,,,,,,,0.87,0.5,0.607
2015-02-08 09:09:41,0.83,0.5,0.634,,,,,,,,,,,,,,,,0.87,0.5,0.607
2015-02-24 01:55:30,0.81,0.49,0.627,,,,,,,,,,,,,,,,0.85,0.5,0.599
2015-03-11 01:54:37,0.81,0.49,0.626,,,,,,,,,,,,,,,,0.85,0.49,0.595
2015-03-14 22:02:51,0.81,0.49,0.626,,,,,,,,,,,,,,,,0.85,0.49,0.592
2015-03-15 03:19:58,0.81,0.49,0.626,,,,,,,,,,,,,,,,0.85,0.49,0.592
2015-03-18 07:38:11,0.81,0.49,0.626,,,,,,,,,,,,,,,,0.85,0.49,0.592
2015-03-20 23:08:51,0.81,0.49,0.624,,,,,,,,,,,,,,,,0.85,0.49,0.589
2015-03-31 05:36:30,0.81,0.49,0.624,,,,,,,,,,,,,,,,0.85,0.49,0.589
2015-04-01 06:48:13,0.81,0.49,0.624,,,,,,,,,,,,,,,,0.85,0.49,0.589
2015-04-08 01:38:00,0.8,0.49,0.622,,,,,,,,,,,,,,,,0.84,0.49,0.587
2015-04-15 19:45:01,0.8,0.49,0.619,,,,,,,,,,,,,,,,0.84,0.48,0.58
2015-04-28 10:14:31,0.8,0.49,0.617,,,,,,,,,,,,,,,,0.83,0.48,0.575
2015-05-09 01:57:22,0.8,0.48,0.612,,,,,,,,,,,,,,,,0.81,0.48,0.566
2015-05-25 03:45:25,0.8,0.48,0.609,,,,,,,,,,,,,,,,0.8,0.48,0.559
2015-05-31 00:38:34,0.8,0.47,0.604,,,,,,,,,,,,,,,,0.79,0.48,0.555
2015-06-14 06:59:38,0.8,0.47,0.596,,,,,,,,,,,,,,,,0.78,0.48,0.55
2015-06-17 06:58:30,0.8,0.47,0.596,,,,,,,,,,,,,,,,0.78,0.48,0.55
2015-07-02 11:56:20,0.79,0.47,0.591,,,,,,,,,,,,,,,,0.78,0.48,0.547
2015-07-02 12:55:06,0.79,0.47,0.591,,,,,,,,,,,,,,,,0.78,0.48,0.547
2015-07-11 02:20:27,0.79,0.47,0.59,,,,,,,,,,,,,,,,0.78,0.48,0.546
2015-07-15 03:58:23,0.79,0.47,0.59,,,,,,,,,,,,,,,,0.78,0.48,0.546
2015-08-01 12:43:43,0.79,0.47,0.591,,,,,,,,,,,,,,,,0.78,0.48,0.551
2015-08-01 20:30:25,0.79,0.47,0.591,,,,,,,,,,,,,,,,0.78,0.48,0.551
2015-08-18 13:12:31,0.79,0.47,0.591,,,,,,,,,,,,,,,,0.78,0.47,0.549
2015-08-26 02:20:13,0.79,0.47,0.591,,,,,,,,,,,,,,,,0.78,0.47,0.548
2015-09-05 15:28:46,0.79,0.47,0.592,,,,,,,,,,,,,,,,0.78,0.48,0.553
2015-09-15 06:22:53,0.79,0.47,0.592,,,,,,,,,,,,,,,,0.78,0.48,0.554
2015-10-07 06:46:17,0.79,0.47,0.592,,,,,,,,,,,,,,,,0.78,0.48,0.557
2015-10-08 17:05:27,0.79,0.47,0.592,,,,,,,,,,,,,,,,0.78,0.48,0.558
2015-10-27 00:22:14,0.79,0.47,0.592,,,,,,,,,,,,,,,,0.78,0.48,0.559
2015-10-31 14:27:17,0.79,0.47,0.591,,,,,,,,,,,,,,,,0.78,0.48,0.559
2015-11-02 03:46:53,0.79,0.47,0.591,,,,,,,,,,,,,,,,0.78,0.48,0.559
2015-11-07 15:53:56,0.79,0.47,0.59,,,,,,,,,,,,,,,,0.78,0.48,0.56
2015-11-22 12:16:07,0.79,0.47,0.589,,,,,,,,,,,,,,,,0.78,0.48,0.561
2015-12-04 11:45:45,0.79,0.47,0.586,,,,,,,,,,,,,,,,0.78,0.47,0.558
2015-12-11 17:47:49,0.78,0.47,0.585,,,,,,,,,,,,,,,,0.77,0.47,0.557
2015-12-27 08:13:19,0.78,0.47,0.585,,,,,,,,,,,,,,,,0.77,0.47,0.555
2016-01-04 19:35:33,0.78,0.47,0.585,,,,,,,,,,,,,,,,0.77,0.47,0.555
2016-01-14 12:00:12,0.78,0.47,0.583,,,,,,,,,,,,,,,,0.77,0.47,0.553
2016-01-16 06:58:06,0.78,0.47,0.583,,,,,,,,,,,,,,,,0.77,0.47,0.553
2016-01-28 11:41:39,0.78,0.47,0.581,,,,,,,,,,,,,,,,0.77,0.47,0.552
2016-02-04 19:14:10,0.78,0.47,0.581,,,,,,,,,,,,,,,,0.77,0.47,0.552
2016-02-05 10:32:09,0.78,0.47,0.581,,,,,,,,,,,,,,,,0.77,0.47,0.552
2016-02-10 23:32:18,0.78,0.47,0.581,,,,,,,,,,,,,,,,0.77,0.47,0.552
2016-02-26 10:34:54,0.78,0.47,0.577,,,,,,,,,,,,,,,,0.77,0.47,0.551
2016-03-05 16:16:40,0.77,0.47,0.574,,,,,,,,,,,,,,,,0.76,0.47,0.547
2016-03-10 05:44:34,0.77,0.47,0.572,,,,,,,,,,,,,,,,0.76,0.47,0.544
2016-03-24 21:16:15,0.75,0.47,0.567,,,,,,,,,,,,,,,,0.74,0.47,0.539
2016-03-30 18:45:04,0.74,0.47,0.563,,,,,,,,,,,,,,,,0.74,0.46,0.535
2016-04-03 12:14:13,0.74,0.47,0.563,,,,,,,,,,,,,,,,0.74,0.46,0.535
2016-04-15 17:10:59,0.74,0.47,0.561,,,,,,,,,,,,,,,,0.74,0.46,0.531
2016-04-19 00:03:59,0.74,0.47,0.561,,,,,,,,,,,,,,,,0.74,0.46,0.531
2016-04-27 09:14:49,0.72,0.47,0.558,,,,,,,,,,,,,,,,0.73,0.46,0.529
2016-05-02 14:20:26,0.71,0.47,0.554,,,,,,,,,,,,,,,,0.71,0.46,0.525
2016-05-06 22:50:26,0.7,0.47,0.55,,,,,,,,,,,,,,,,0.7,0.46,0.522
2016-05-14 07:26:09,0.7,0.46,0.546,,,,,,,,,,,,,,,,0.7,0.45,0.519
2016-05-16 17:40:51,0.7,0.46,0.546,,,,,,,,,,,,,,,,0.7,0.45,0.519
2016-05-24 21:45:31,0.69,0.46,0.544,,,,,,,,,,,,,,,,0.69,0.45,0.517
2016-05-27 12:27:13,0.69,0.45,0.539,,,,,,,,,,,,,,,,0.69,0.45,0.514
2016-06-04 11:51:10,0.69,0.45,0.537,,,,,,,,,,,,,,,,0.69,0.45,0.512
2016-06-07 20:48:49,0.69,0.45,0.537,,,,,,,,,,,,,,,,0.69,0.45,0.512
2016-06-16 19:17:44,0.69,0.44,0.531,,,,,,,,,,,,,,,,0.68,0.44,0.506
2016-06-17 19:29:18,0.69,0.44,0.531,,,,,,,,,,,,,,,,0.68,0.44,0.506
2016-06-21 11:56:31,0.69,0.44,0.531,,,,,,,,,,,,,,,,0.68,0.44,0.506
2016-07-02 19:13:50,0.69,0.43,0.525,,,,,,,,,,,,,,,,0.68,0.43,0.501
2016-07-04 02:38:46,0.69,0.43,0.525,,,,,,,,,,,,,,,,0.68,0.43,0.501
2016-07-06 23:02:57,0.69,0.42,0.52,,,,,,,,,,,,,,,,0.68,0.42,0.496
2016-07-22 23:08:56,0.68,0.41,0.512,,,,,,,,,,,,,,,,0.67,0.41,0.487
2016-07-22 23:09:00,0.68,0.41,0.512,,,,,,,,,,,,,,,,0.67,0.41,0.487
2016-08-05 05:05:49,0.65,0.4,0.491,,,,,,,,,,,,,,,,0.65,0.39,0.467
2016-08-13 11:14:35,0.63,0.39,0.476,,,,,,,,,,,,,,,,0.63,0.38,0.453
2016-08-20 12:13:12,0.61,0.39,0.469,,,,,,,,,,,,,,,,0.61,0.38,0.447
2016-08-29 05:43:03,0.6,0.38,0.459,,,,,,,,,,,,,,,,0.58,0.38,0.439
2016-09-06 02:43:26,0.58,0.38,0.454,,,,,,,,,,,,,,,,0.56,0.38,0.433
2016-09-20 18:42:22,0.56,0.36,0.442,,,,,,,,,,,,,,,,0.55,0.35,0.42
2016-09-24 18:05:46,0.55,0.35,0.43,,,,,,,,,,,,,,,,0.53,0.35,0.41
2016-09-26 03:08:50,0.55,0.35,0.43,,,,,,,,,,,,,,,,0.53,0.35,0.41
2016-10-12 23:06:58,0.49,0.34,0.414,,,,,,,,,,,,,,,,0.49,0.34,0.397
2016-10-15 09:52:28,0.49,0.34,0.414,,,,,,,,,,,,,,,,0.49,0.34,0.397
2016-11-03 14:42:36,0.49,0.34,0.414,,,,,,,,,,,,,,,,0.49,0.34,0.397
2016-11-13 03:57:23,0.48,0.34,0.412,,,,,,,,,,,,,,,,0.48,0.35,0.398
2016-11-16 06:54:43,0.48,0.34,0.412,,,,,,,,,,,,,,,,0.48,0.35,0.398
2016-11-19 14:25:39,0.47,0.34,0.409,,,,,,,,,,,,,,,,0.47,0.35,0.396
2016-11-19 18:53:25,0.47,0.34,0.409,,,,,,,,,,,,,,,,0.47,0.35,0.396
2017-04-29 20:11:47,0.42,0.3,0.349,,,,,,,,,,,,,,,,0.41,0.3,0.337
2017-05-07 14:03:40,0.42,0.3,0.348,,,,,,,,,,,,,,,,0.41,0.3,0.336
2017-05-15 21:07:57,0.42,0.3,0.347,,,,,,,,,,,,,,,,0.41,0.3,0.335
2017-05-27 11:45:28,0.42,0.3,0.346,,,,,,,,,,,,,,,,0.41,0.3,0.333
2017-06-04 15:23:55,0.42,0.3,0.346,,,,,,,,,,,,,,,,0.41,0.3,0.333
2017-06-15 00:48:36,0.42,0.3,0.346,,,,,,,,,,,,,,,,0.41,0.29,0.333
2017-06-23 14:07:58,0.42,0.3,0.346,,,,,,,,,,,,,,,,0.41,0.29,0.332
2017-06-30 19:56:18,0.42,0.3,0.346,,,,,,,,,,,,,,,,0.41,0.29,0.33
2017-07-13 03:40:13,0.42,0.3,0.345,,,,,,,,,,,,,,,,0.41,0.29,0.328
2017-07-17 05:05:49,0.42,0.3,0.345,,,,,,,,,,,,,,,,0.41,0.29,0.328
2017-07-22 03:40:15,0.42,0.3,0.345,,,,,,,,,,,,,,,,0.41,0.29,0.327
2017-07-30 09:41:03,0.42,0.3,0.345,,,,,,,,,,,,,,,,0.41,0.29,0.327
2017-08-11 14:12:15,0.42,0.3,0.345,,,,,,,,,,,,,,,,0.41,0.29,0.327
2017-08-11 14:17:54,0.42,0.3,0.345,,,,,,,,,,,,,,,,0.41,0.29,0.327
2017-08-24 16:12:52,0.42,0.29,0.34,,,,,,,,,,,,,,,,0.41,0.28,0.321
2017-08-27 20:34:49,0.42,0.29,0.34,,,,,,,,,,,,,,,,0.41,0.28,0.321
2017-08-31 00:22:19,0.42,0.29,0.341,,,,,,,,,,,,,,,,0.41,0.28,0.323
2017-09-08 04:17:28,0.42,0.29,0.341,,,,,,,,,,,,,,,,0.41,0.28,0.323
2017-09-10 23:35:27,0.42,0.29,0.341,,,,,,,,,,,,,,,,0.41,0.28,0.323
2017-09-17 05:08:11,0.42,0.29,0.341,,,,,,,,,,,,,,,,0.41,0.28,0.322
2017-09-22 13:05:18,0.42,0.29,0.34,,,,,,,,,,,,,,,,0.41,0.28,0.321
2017-09-30 15:01:45,0.42,0.29,0.34,0.55,0.39,0.434,,,,,,,0.45,0.35,0.387,,,,0.41,0.28,0.32
2017-10-03 10:30:23,0.42,0.29,0.34,0.55,0.39,0.434,,,,,,,0.45,0.35,0.387,,,,0.41,0.28,0.32
2017-10-14 11:33:22,0.42,0.29,0.34,0.55,0.39,0.43,,,,,,,0.45,0.35,0.386,,,,0.41,0.28,0.32
2017-10-17 05:18:07,0.42,0.29,0.34,0.55,0.39,0.43,,,,,,,0.45,0.35,0.386,,,,0.41,0.28,0.32
2017-10-28 06:29:37,0.42,0.29,0.339,0.55,0.39,0.425,,,,,,,0.45,0.35,0.383,,,,0.41,0.28,0.318
2017-10-30 02:34:00,0.42,0.29,0.339,0.55,0.39,0.425,,,,,,,0.45,0.35,0.383,,,,0.41,0.28,0.318
2017-11-08 07:30:10,0.42,0.29,0.338,0.55,0.39,0.422,,,,,,,0.45,0.35,0.382,,,,0.41,0.28,0.317
2017-11-08 20:52:51,0.42,0.29,0.337,0.55,0.39,0.419,,,,,,,0.45,0.35,0.38,,,,0.41,0.28,0.316
2017-11-09 22:18:03,0.42,0.29,0.337,0.55,0.39,0.419,,,,,,,0.45,0.35,0.38,,,,0.41,0.28,0.316
2017-11-19 11:59:43,0.42,0.29,0.336,0.55,0.39,0.417,,,,,,,0.45,0.35,0.379,,,,0.41,0.28,0.315
2017-12-06 03:24:29,0.42,0.29,0.335,0.55,0.36,0.408,,,,,,,0.45,0.35,0.377,,,,0.41,0.28,0.314
2017-12-10 18:06:02,0.42,0.29,0.335,0.55,0.36,0.406,,,,,,,0.45,0.35,0.376,,,,0.41,0.28,0.314
2017-12-30 06:58:58,0.42,0.29,0.334,0.55,0.35,0.402,,,,,,,0.45,0.34,0.374,,,,0.41,0.28,0.313
2018-01-07 23:12:25,0.42,0.29,0.334,0.55,0.35,0.402,,,,,,,0.45,0.34,0.374,,,,0.41,0.28,0.313
2018-01-09 23:43:04,0.42,0.29,0.334,0.55,0.35,0.402,,,,,,,0.45,0.34,0.374,,,,0.41,0.28,0.313
2018-01-28 22:52:28,0.42,0.29,0.331,0.55,0.34,0.396,,,,,,,0.45,0.33,0.368,,,,0.41,0.27,0.31
2018-01-29 19:33:42,0.42,0.29,0.331,0.55,0.34,0.396,,,,,,,0.45,0.33,0.368,,,,0.41,0.27,0.31
2018-02-11 23:05:08,0.42,0.29,0.33,0.55,0.33,0.394,,,,,,,0.45,0.32,0.367,,,,0.41,0.27,0.309
2018-02-22 13:07:37,0.42,0.29,0.329,0.55,0.33,0.392,,,,,,,0.45,0.32,0.365,,,,0.41,0.27,0.308
2018-02-24 03:53:33,0.42,0.29,0.329,0.55,0.33,0.392,,,,,,,0.45,0.32,0.365,,,,0.41,0.27,0.308
2018-03-01 21:04:04,0.42,0.29,0.327,0.55,0.33,0.39,,,,,,,0.45,0.32,0.363,,,,0.41,0.27,0.306
2018-03-04 17:23:54,0.42,0.29,0.327,0.55,0.33,0.39,,,,,,,0.45,0.32,0.363,,,,0.41,0.27,0.306
2018-03-09 15:38:04,0.42,0.29,0.326,0.55,0.33,0.387,,,,,,,0.45,0.32,0.36,,,,0.41,0.27,0.305
2018-03-12 20:22:06,0.42,0.29,0.326,0.55,0.33,0.387,,,,,,,0.45,0.32,0.36,,,,0.41,0.27,0.305
2018-03-22 13:38:28,0.42,0.29,0.324,0.55,0.33,0.385,,,,,,,0.45,0.32,0.358,,,,0.41,0.27,0.303
2018-04-01 01:20:52,0.42,0.29,0.323,0.55,0.33,0.383,,,,,,,0.45,0.32,0.356,,,,0.41,0.27,0.302
2018-04-01 18:11:38,0.42,0.29,0.323,0.55,0.33,0.383,,,,,,,0.45,0.32,0.356,,,,0.41,0.27,0.302
2018-04-12 19:05:29,0.42,0.29,0.321,0.55,0.33,0.379,,,,,,,0.45,0.32,0.352,,,,0.41,0.27,0.301
2018-04-25 05:28:46,0.42,0.29,0.32,0.55,0.33,0.378,,,,,,,0.45,0.32,0.351,,,,0.41,0.27,0.3
2018-05-02 11:44:55,0.42,0.29,0.318,0.55,0.33,0.375,,,,,,,0.45,0.32,0.348,,,,0.41,0.27,0.298
2018-05-06 16:25:53,0.42,0.29,0.318,0.55,0.33,0.375,,,,,,,0.45,0.32,0.348,,,,0.41,0.27,0.298
2018-05-20 18:26:16,0.42,0.29,0.316,0.55,0.32,0.37,,,,,,,0.45,0.31,0.345,,,,0.41,0.27,0.296
2018-06-01 11:53:23,0.42,0.29,0.314,0.55,0.32,0.366,,,,,,,0.45,0.31,0.341,,,,0.41,0.27,0.292
2018-06-02 14:03:17,0.42,0.29,0.314,0.55,0.32,0.366,,,,,,,0.45,0.31,0.341,,,,0.41,0.27,0.292
2018-06-06 07:50:20,0.42,0.29,0.314,0.55,0.32,0.366,,,,,,,0.45,0.31,0.341,,,,0.41,0.27,0.292
2018-06-08 18:37:38,0.42,0.28,0.311,0.55,0.32,0.364,,,,,,,0.45,0.3,0.339,,,,0.41,0.26,0.288
2018-06-14 08:14:30,0.42,0.28,0.309,0.55,0.32,0.363,,,,,,,0.45,0.3,0.337,,,,0.41,0.26,0.284
2018-06-22 18:56:15,0.42,0.28,0.305,0.55,0.32,0.363,,,,,,,0.45,0.3,0.337,,,,0.41,0.25,0.278
2018-06-28 06:24:59,0.42,0.27,0.3,0.55,0.31,0.352,,,,,,,0.45,0.28,0.326,,,,0.41,0.24,0.27
2018-06-28 06:26:04,0.42,0.27,0.3,0.55,0.31,0.352,,,,,,,0.45,0.28,0.326,,,,0.41,0.24,0.27
2018-07-03 10:15:53,0.42,0.27,0.3,0.55,0.31,0.352,,,,,,,0.45,0.28,0.326,,,,0.41,0.24,0.27
2018-07-07 03:06:38,0.42,0.26,0.296,0.54,0.3,0.346,,,,,,,0.45,0.27,0.321,,,,0.41,0.24,0.266
2018-07-17 10:04:56,0.42,0.25,0.291,0.54,0.29,0.336,,,,,,,0.45,0.26,0.312,,,,0.41,0.23,0.262
2018-07-18 23:46:09,0.42,0.25,0.285,0.54,0.27,0.327,0.35,0.27,0.286,,,,0.44,0.26,0.305,0.3,0.23,0.246,0.4,0.23,0.258
2018-07-27 09:24:40,0.42,0.25,0.282,0.54,0.27,0.324,0.33,0.27,0.282,,,,0.44,0.26,0.302,0.29,0.23,0.242,0.4,0.23,0.256
2018-07-29 11:43:39,0.42,0.25,0.282,0.54,0.27,0.324,0.33,0.27,0.282,,,,0.44,0.26,0.302,0.29,0.23,0.242,0.4,0.23,0.256
2018-08-01 20:09:21,0.42,0.25,0.28,0.53,0.27,0.322,0.32,0.27,0.279,,,,0.43,0.25,0.301,0.28,0.23,0.24,0.39,0.23,0.255
2018-08-07 09:29:45,0.42,0.25,0.28,0.53,0.27,0.322,0.32,0.27,0.279,,,,0.43,0.25,0.301,0.28,0.23,0.24,0.39,0.23,0.255
2018-08-09 01:42:11,0.42,0.25,0.279,0.53,0.27,0.32,0.32,0.27,0.278,,,,0.43,0.25,0.299,0.28,0.23,0.24,0.39,0.23,0.254
2018-08-13 00:08:10,0.42,0.25,0.279,0.53,0.27,0.32,0.32,0.27,0.278,,,,0.43,0.25,0.299,0.28,0.23,0.24,0.39,0.23,0.254
2018-08-19 04:04:16,0.42,0.25,0.278,0.53,0.27,0.317,0.31,0.27,0.276,,,,0.43,0.25,0.297,0.28,0.23,0.239,0.39,0.23,0.253
2018-08-29 07:27:29,0.42,0.25,0.276,0.52,0.27,0.314,0.31,0.27,0.275,,,,0.43,0.25,0.295,0.28,0.23,0.239,0.39,0.23,0.252
2018-08-31 11:15:05,0.42,0.25,0.274,0.5,0.27,0.31,0.31,0.27,0.275,,,,0.42,0.25,0.292,0.28,0.23,0.239,0.38,0.23,0.25
2018-09-01 20:57:27,0.42,0.25,0.274,0.5,0.27,0.31,0.31,0.27,0.275,,,,0.42,0.25,0.292,0.28,0.23,0.239,0.38,0.23,0.25
2018-09-14 14:21:43,0.41,0.24,0.268,0.48,0.27,0.305,0.31,0.27,0.274,,,,0.41,0.25,0.287,0.28,0.22,0.238,0.37,0.22,0.246
2018-09-18 02:33:33,0.41,0.24,0.268,0.48,0.27,0.305,0.31,0.27,0.274,,,,0.41,0.25,0.287,0.28,0.22,0.238,0.37,0.22,0.246
2018-09-29 07:35:12,0.38,0.24,0.26,0.45,0.26,0.297,0.3,0.27,0.272,,,,0.38,0.24,0.276,0.28,0.22,0.233,0.34,0.22,0.239
2018-10-08 10:43:06,0.38,0.24,0.257,0.45,0.26,0.294,0.3,0.27,0.272,,,,0.38,0.24,0.273,0.28,0.22,0.232,0.34,0.22,0.237
2018-10-25 16:33:49,0.36,0.22,0.25,0.42,0.24,0.276,0.27,0.24,0.252,,,,0.37,0.22,0.258,0.27,0.2,0.214,0.33,0.2,0.226
2018-10-30 05:52:20,0.36,0.22,0.25,0.42,0.24,0.276,0.27,0.24,0.252,,,,0.37,0.22,0.258,0.27,0.2,0.214,0.33,0.2,0.226
2018-11-11 14:24:54,0.35,0.22,0.247,0.42,0.24,0.273,0.27,0.24,0.251,,,,0.37,0.22,0.256,0.26,0.2,0.212,0.33,0.2,0.224
2018-11-15 06:21:35,0.35,0.22,0.246,0.42,0.24,0.27,0.27,0.24,0.249,,,,0.37,0.22,0.253,0.26,0.2,0.212,0.33,0.2,0.223
2018-11-19 07:04:25,0.35,0.22,0.246,0.42,0.24,0.27,0.27,0.24,0.249,,,,0.37,0.22,0.253,0.26,0.2,0.212,0.33,0.2,0.223
2018-11-22 22:13:55,0.35,0.22,0.244,0.42,0.24,0.269,0.27,0.24,0.249,,,,0.37,0.22,0.252,0.26,0.19,0.208,0.33,0.19,0.22
2018-11-29 16:58:11,0.35,0.22,0.243,0.42,0.24,0.269,0.27,0.24,0.249,,,,0.37,0.22,0.252,0.24,0.19,0.204,0.33,0.19,0.217
2018-12-07 22:39:27,0.35,0.22,0.245,0.42,0.24,0.272,0.27,0.24,0.254,,,,0.37,0.22,0.254,0.24,0.19,0.206,0.33,0.19,0.218
2018-12-16 11:59:25,0.35,0.22,0.246,0.42,0.24,0.273,0.27,0.24,0.256,,,,0.37,0.22,0.255,0.24,0.19,0.208,0.33,0.19,0.219
2018-12-30 07:01:45,0.35,0.22,0.246,0.42,0.24,0.273,0.27,0.24,0.256,,,,0.37,0.22,0.255,0.24,0.19,0.208,0.33,0.19,0.219
2019-01-01 19:44:36,0.35,0.22,0.246,0.42,0.24,0.273,0.27,0.24,0.256,,,,0.37,0.22,0.255,0.24,0.19,0.208,0.33,0.19,0.219
2019-01-08 04:54:52,0.35,0.22,0.246,0.42,0.24,0.273,0.27,0.24,0.256,,,,0.37,0.22,0.255,0.24,0.19,0.208,0.33,0.19,0.219
2019-01-15 01:06:04,0.35,0.22,0.246,0.42,0.24,0.273,0.27,0.24,0.256,,,,0.37,0.22,0.255,0.24,0.19,0.208,0.33,0.19,0.219
2019-01-24 18:33:03,0.35,0.22,0.245,0.42,0.24,0.272,0.27,0.24,0.254,,,,0.37,0.22,0.254,0.24,0.19,0.207,0.33,0.19,0.218
2019-01-25 19:08:38,0.35,0.22,0.245,0.42,0.24,0.272,0.27,0.24,0.254,,,,0.37,0.22,0.254,0.24,0.19,0.207,0.33,0.19,0.218
2019-02-07 20:40:45,0.35,0.22,0.244,0.42,0.24,0.272,0.27,0.24,0.255,,,,0.37,0.22,0.253,0.24,0.19,0.207,0.33,0.19,0.216
2019-02-15 22:37:37,0.34,0.22,0.243,0.41,0.24,0.271,0.27,0.24,0.254,,,,0.36,0.22,0.252,0.24,0.19,0.206,0.32,0.19,0.214
2019-04-15 14:08:29,0.33,0.23,0.243,0.4,0.24,0.273,0.27,0.24,0.253,,,,0.35,0.23,0.254,0.24,0.2,0.206,0.31,0.2,0.214
2019-04-30 15:49:32,0.33,0.23,0.243,0.4,0.24,0.273,0.27,0.24,0.253,,,,0.35,0.23,0.254,0.24,0.2,0.206,0.31,0.2,0.214
2019-07-04 08:46:28,0.33,0.23,0.247,0.4,0.24,0.27,0.27,0.24,0.247,,,,0.34,0.225,0.25,0.24,0.2,0.211,0.3,0.2,0.213
2019-07-18 23:05:42,0.33,0.23,0.246,0.4,0.24,0.265,0.27,0.24,0.244,,,,0.34,0.22,0.247,0.24,0.2,0.209,0.3,0.2,0.21
2019-08-26 00:17:00,0.33,0.23,0.244,0.39,0.225,0.256,0.26,0.225,0.234,,,,0.34,0.215,0.24,0.24,0.19,0.202,0.3,0.19,0.205
